-- ============================================================================
-- V02__seed.sql - Dane testowe: 125 czytelnikow, 64 autorow, 110 ksiazek
-- ============================================================================
USE biblioteka;

-- CZYTELNICY (125)
INSERT INTO Czytelnicy (imie, nazwisko, email, data_rejestracji) VALUES
('Oleh','Kropyva','oleh.kropyva@stud.pl','2024-10-01'),
('Ihor','Paukov','ihor.paukov@stud.pl','2024-10-02'),
('Anna','Kowalska','anna.kowalska@stud.pl','2024-11-15'),
('Piotr','Nowak','piotr.nowak@stud.pl','2025-01-10'),
('Marta','Wisniewska','marta.w@stud.pl','2025-02-20'),
('Adam','Abdullayev','adam.abdullayev@stud.pl','2024-10-03'),
('Vitaliia','Abram','vitaliia.abram@stud.pl','2024-10-04'),
('Klaudia','Abramczyk','klaudia.abramczyk@stud.pl','2024-10-05'),
('Michal','Aftyka','michal.aftyka@stud.pl','2024-10-06'),
('Matvii','Aksenko','matvii.aksenko@stud.pl','2024-10-07'),
('Kseniya','Alkhovik','kseniya.alkhovik@stud.pl','2024-10-08'),
('Yahor','Altsyvanovich','yahor.altsy@stud.pl','2024-10-09'),
('Olech','Andreichuk','olech.andreichuk@stud.pl','2024-10-10'),
('Daria','Androsenko','daria.androsenko@stud.pl','2024-10-11'),
('Yehor','Andrushchenko','yehor.andrushchenko@stud.pl','2024-10-12'),
('Aliaksei','Aniskevich','aliaksei.aniskevich@stud.pl','2024-10-13'),
('Jakub','Babik','jakub.babik@stud.pl','2024-10-14'),
('Damian','Baczynski','damian.baczynski@stud.pl','2024-10-15'),
('Bartosz','Baginski','bartosz.baginski@stud.pl','2024-10-16'),
('Nazar','Bahmet','nazar.bahmet@stud.pl','2024-10-17'),
('Nadzeya','Bahuminskaya','nadzeya.bahum@stud.pl','2024-10-18'),
('Anton','Bahuminski','anton.bahuminski@stud.pl','2024-10-19'),
('Andrii','Bakhmach','andrii.bakhmach@stud.pl','2024-10-20'),
('Oleh','Balashov','oleh.balashov@stud.pl','2024-10-21'),
('Kamil','Banaszek','kamil.banaszek@stud.pl','2024-10-22'),
('Paulina','Banaszek','paulina.banaszek@stud.pl','2024-10-23'),
('Zuzanna','Barabasz','zuzanna.barabasz@stud.pl','2024-10-24'),
('Jakub','Baran','jakub.baran@stud.pl','2024-10-25'),
('Vadzim','Baranouski','vadzim.baranouski@stud.pl','2024-10-26'),
('Artur','Barbarych','artur.barbarych@stud.pl','2024-10-27'),
('Rafal','Bardzel','rafal.bardzel@stud.pl','2024-10-28'),
('Marcelina','Bartnik','marcelina.bartnik@stud.pl','2024-10-29'),
('Jakub','Barwicki','jakub.barwicki@stud.pl','2024-10-30'),
('Szymon','Barylka','szymon.barylka@stud.pl','2024-10-31'),
('Raman','Barysevich','raman.barysevich@stud.pl','2024-11-01'),
('Ilya','Belabarodau','ilya.belabarodau@stud.pl','2024-11-02'),
('Yaroslava','Berezhan','yaroslava.berezhan@stud.pl','2024-11-03'),
('Pawel','Berniak','pawel.berniak@stud.pl','2024-11-04'),
('Dmytro','Bernyk','dmytro.bernyk@stud.pl','2024-11-05'),
('Vitalii','Bezkorvainy','vitalii.bezkor@stud.pl','2024-11-06'),
('Szymon','Bialy','szymon.bialy@stud.pl','2024-11-07'),
('Bohdan','Biliak','bohdan.biliak@stud.pl','2024-11-08'),
('Yeva','Bilous','yeva.bilous@stud.pl','2024-11-09'),
('Yahor','Bitel','yahor.bitel@stud.pl','2024-11-10'),
('Alisa','Boiko','alisa.boiko@stud.pl','2024-11-11'),
('Danylo','Bolotian','danylo.bolotian@stud.pl','2024-11-12'),
('Kacper','Bonat','kacper.bonat@stud.pl','2024-11-13'),
('Anastasiia','Bonda','anastasiia.bonda@stud.pl','2024-11-14'),
('Volodymyr','Bondarenko','volodymyr.bondarenko@stud.pl','2024-11-15'),
('Justyna','Borowiec','justyna.borowiec@stud.pl','2024-11-16'),
('Vadym','Bortnichuk','vadym.bortnichuk@stud.pl','2024-11-17'),
('Maksym','Borys','maksym.borys@stud.pl','2024-11-18'),
('Jagoda','Brzozka','jagoda.brzozka@stud.pl','2024-11-19'),
('Michal','Budnicki','michal.budnicki@stud.pl','2024-11-20'),
('Pawel','Butrym','pawel.butrym@stud.pl','2024-11-21'),
('Uladzislau','Bychkou','uladzislau.bychkou@stud.pl','2024-11-22'),
('Daniil','Byk','daniil.byk@stud.pl','2024-11-23'),
('Orest','Cheretskyi','orest.cheretskyi@stud.pl','2024-11-24'),
('Wiktoria','Chmielewska','wiktoria.chmielewska@stud.pl','2024-11-25'),
('Bartlomiej','Chmielewski','bartlomiej.chmielewski@stud.pl','2024-11-26'),
('Piotr','Cholewa','piotr.cholewa@stud.pl','2024-11-27'),
('Mykhailo','Chudnyi','mykhailo.chudnyi@stud.pl','2024-11-28'),
('Alesia','Chumak','alesia.chumak@stud.pl','2024-11-29'),
('Bohdan','Chumak','bohdan.chumak@stud.pl','2024-11-30'),
('Anastasiya','Chyhryn','anastasiya.chyhryn@stud.pl','2024-12-01'),
('Pawel','Cislo','pawel.cislo@stud.pl','2024-12-02'),
('Rafal','Cybula','rafal.cybula@stud.pl','2024-12-03'),
('Karolina','Czarko','karolina.czarko@stud.pl','2024-12-04'),
('Jan','Czubak','jan.czubak@stud.pl','2024-12-05'),
('Dmytro','Davydiuk','dmytro.davydiuk@stud.pl','2024-12-06'),
('Yaroslava','Dehtiarenko','yaroslava.dehtiar@stud.pl','2024-12-07'),
('Mikolaj','Delikat','mikolaj.delikat@stud.pl','2024-12-08'),
('Mykola','Derevianko','mykola.derevianko@stud.pl','2024-12-09'),
('Piotr','Debek','piotr.debek@stud.pl','2024-12-10'),
('Dmytro','Dikan','dmytro.dikan@stud.pl','2024-12-11'),
('Maksym','Dmytruk','maksym.dmytruk@stud.pl','2024-12-12'),
('Oleksandr','Dobronravov','oleksandr.dobronravov@stud.pl','2024-12-13'),
('Karol','Domownik','karol.domownik@stud.pl','2024-12-14'),
('Karyna','Dorash','karyna.dorash@stud.pl','2024-12-15'),
('Anna','Drewienkowska','anna.drewien@stud.pl','2024-12-16'),
('Taisiia','Drozhzha','taisiia.drozhzha@stud.pl','2024-12-17'),
('Tetiana','Dubii','tetiana.dubii@stud.pl','2024-12-18'),
('Aleksandra','Dubil','aleksandra.dubil@stud.pl','2024-12-19'),
('Olech','Duda','olech.duda@stud.pl','2024-12-20'),
('Krystian','Dudzinski','krystian.dudzinski@stud.pl','2024-12-21'),
('Artsem','Dzemiantsevich','artsem.dzem@stud.pl','2024-12-22'),
('Yahor','Dzenisiuk','yahor.dzenisiuk@stud.pl','2024-12-23'),
('Serhii','Dziailo','serhii.dziailo@stud.pl','2024-12-24'),
('Olga','Dziak','olga.dziak@stud.pl','2024-12-25'),
('Izabela','Eciak','izabela.eciak@stud.pl','2024-12-26'),
('Vladyslav','Fedoniuk','vladyslav.fedoniuk@stud.pl','2024-12-27'),
('Jakub','Fedorowicz','jakub.fedorowicz@stud.pl','2024-12-28'),
('Bartosz','Filipek','bartosz.filipek@stud.pl','2024-12-29'),
('Mariia','Flidermoiz','mariia.flidermoiz@stud.pl','2024-12-30'),
('Ostap','Flotchuk','ostap.flotchuk@stud.pl','2024-12-31'),
('Maksym','Gabruk','maksym.gabruk@stud.pl','2025-01-02'),
('Julia','Gaska','julia.gaska@stud.pl','2025-01-03'),
('Sebastian','Gil','sebastian.gil@stud.pl','2025-01-04'),
('Marcin','Glab','marcin.glab@stud.pl','2025-01-05'),
('Szymon','Gnat','szymon.gnat@stud.pl','2025-01-06'),
('Alicja','Godziek','alicja.godziek@stud.pl','2025-01-07'),
('Kacper','Godziszewski','kacper.godziszewski@stud.pl','2025-01-08'),
('Przemyslaw','Goluch','przemyslaw.goluch@stud.pl','2025-01-09'),
('Martyna','Golebiowska','martyna.goleb@stud.pl','2025-01-10'),
('Krzysztof','Grabowski','krzysztof.grabowski@stud.pl','2025-01-11'),
('Gabriel','Grzybowski','gabriel.grzybowski@stud.pl','2025-01-12'),
('Jakub','Guzewicz','jakub.guzewicz@stud.pl','2025-01-13'),
('Oleksii','Halanzha','oleksii.halanzha@stud.pl','2025-01-14'),
('Ivan','Havryliak','ivan.havryliak@stud.pl','2025-01-15'),
('Vadym','Havrylik','vadym.havrylik@stud.pl','2025-01-16'),
('Roza','Henkiel','roza.henkiel@stud.pl','2025-01-17'),
('Aliaksandr','Hetman','aliaksandr.hetman@stud.pl','2025-01-18'),
('Volodymyr','Hnatiak','volodymyr.hnatiak@stud.pl','2025-01-19'),
('Anastasia','Hopchuk','anastasia.hopchuk@stud.pl','2025-01-20'),
('Dmytro','Hromik','dmytro.hromik@stud.pl','2025-01-21'),
('Aliaksandra','Hrynkevych','aliaksandra.hryn@stud.pl','2025-01-22'),
('Alina','Ivanova','alina.ivanova@stud.pl','2025-01-23'),
('Olha','Ivanova','olha.ivanova@stud.pl','2025-01-24'),
('Yauhenii','Ivus','yauhenii.ivus@stud.pl','2025-01-25'),
('Maciej','Jachec','maciej.jachec@stud.pl','2025-01-26'),
('Natalia','Jarzabek','natalia.jarzabek@stud.pl','2025-01-27'),
('Hanna','Jasinska','hanna.jasinska@stud.pl','2025-01-28'),
('Volodymyr','Kalinin','volodymyr.kalinin@stud.pl','2025-01-29'),
('Maksymilian','Kaluza','maksymilian.kaluza@stud.pl','2025-01-30'),
('Ilia','Kaminskyi','ilia.kaminskyi@stud.pl','2025-01-31');

-- AUTORZY (64)
INSERT INTO Autorzy (imie, nazwisko) VALUES
('Adam','Mickiewicz'),('Henryk','Sienkiewicz'),('Stanislaw','Lem'),('Olga','Tokarczuk'),('Andrzej','Sapkowski'),
('Boleslaw','Prus'),('Wladyslaw','Reymont'),('Stefan','Zeromski'),('Eliza','Orzeszkowa'),('Maria','Konopnicka'),
('Juliusz','Slowacki'),('Cyprian','Norwid'),('Czeslaw','Milosz'),('Wislawa','Szymborska'),('Witold','Gombrowicz'),
('Bruno','Schulz'),('Stanislaw','Witkiewicz'),('Ryszard','Kapuscinski'),('Hanna','Krall'),('Slawomir','Mrozek'),
('Marek','Krajewski'),('Tadeusz','Konwicki'),('Jaroslaw','Iwaszkiewicz'),('Maria','Dabrowska'),('Joanna','Bator'),
('Karl','Marx'),('Friedrich','Engels'),('Fiodor','Dostojewski'),('Lew','Tolstoj'),('Aleksander','Puszkin'),
('Anton','Czechow'),('Mikolaj','Gogol'),('Michail','Bulhakov'),('Taras','Shevchenko'),('Lesia','Ukrainka'),
('Ivan','Franko'),('Mykhailo','Kotsiubynsky'),('Vasyl','Stus'),('Lina','Kostenko'),('Olha','Kobylianska'),
('Volodymyr','Vynnychenko'),('Mykhailo','Stelmakh'),('Yurii','Andrukhovych'),('William','Shakespeare'),('Miguel','Cervantes'),
('Johann','Goethe'),('Victor','Hugo'),('Charles','Dickens'),('Jane','Austen'),('Mark','Twain'),
('Ernest','Hemingway'),('George','Orwell'),('Franz','Kafka'),('Albert','Camus'),('Gabriel','Marquez'),
('John','Tolkien'),('George','Martin'),('Antoine','Saint-Exupery'),('Umberto','Eco'),('Haruki','Murakami'),
('Stephen','King'),('Dante','Alighieri'),('Henrik','Ibsen'),('Joanne','Rowling');

-- KATEGORIE
INSERT INTO Kategorie (nazwa) VALUES
('Powiesc historyczna'),('Fantastyka'),('Science Fiction'),('Poezja'),('Literatura wspolczesna'),
('Klasyka polska'),('Klasyka rosyjska'),('Klasyka ukrainska'),('Klasyka swiatowa'),('Filozofia'),
('Ekonomia polityczna'),('Dramat'),('Powiesc kryminalna'),('Reportaz'),('Literatura dziecieca');

-- WYDAWNICTWA
INSERT INTO Wydawnictwa (nazwa, kraj, rok_wydania) VALUES
('PWN','Polska',1951),('Czytelnik','Polska',1944),('SuperNOWA','Polska',1990),
('Wydawnictwo Literackie','Polska',1953),('Iskry','Polska',1953),('Znak','Polska',1959),
('W.A.B.','Polska',1991),('Proszynski','Polska',1990),('Rebis','Polska',1991),('MUZA','Polska',1990),
('Penguin Books','Wielka Brytania',1935),('Random House','USA',1927),('Folio','Ukraina',1991),
('Azbuka','Rosja',1995),('Suhrkamp','Niemcy',1950);

-- KSIAZKI (110)
INSERT INTO Ksiazki (tytul, id_kategoria) VALUES
('Pan Tadeusz',4),('Quo Vadis',1),('Solaris',3),('Bieguni',5),('Wiedzmin: Ostatnie zyczenie',2),
('Dziady',12),('Konrad Wallenrod',6),('Ballady i romanse',4),('Ogniem i mieczem',1),('Potop',1),
('Pan Wolodyjowski',1),('Krzyzacy',1),('Lalka',6),('Faraon',1),('Chlopi',6),
('Ziemia obiecana',6),('Przedwiosnie',6),('Ludzie bezdomni',6),('Nad Niemnem',6),('Mendel Gdanski',6),
('Kordian',12),('Balladyna',12),('Promethidion',4),('Zniewolony umysl',10),('Dolina Issy',5),
('Wiersze wybrane',4),('Ferdydurke',6),('Kosmos',5),('Sklepy cynamonowe',6),('Sanatorium pod klepsydra',6),
('Szewcy',12),('Cesarz',14),('Heban',14),('Imperium',14),('Zdazyc przed Panem Bogiem',14),
('Tango',12),('Smierc w Breslau',13),('Mala apokalipsa',5),('Brzezina',5),('Noce i dnie',6),
('Piaskowa Gora',5),('Ksiegi Jakubowe',5),('Prawiek i inne czasy',5),('Cyberiada',3),('Bajki robotow',3),
('Niezwyciezony',3),('Wiedzmin: Miecz przeznaczenia',2),('Wiedzmin: Krew elfow',2),('Wiedzmin: Czas pogardy',2),('Wiedzmin: Chrzest ognia',2),
('Wiedzmin: Wieza Jaskolki',2),('Wiedzmin: Pani Jeziora',2),('Wiedzmin: Sezon burz',2),('Kapital. Tom I',11),('Kapital. Tom II',11),
('Manifest komunistyczny',11),('Ideologia niemiecka',10),('Krytyka programu gotajskiego',11),('Zbrodnia i kara',7),('Bracia Karamazow',7),
('Idiota',7),('Notatki z podziemia',7),('Wojna i pokoj',7),('Anna Karenina',7),('Eugeniusz Oniegin',4),
('Trzy siostry',12),('Wisniowy sad',12),('Martwe dusze',7),('Mistrz i Malgorzata',7),('Kobzar',8),
('Lisova pisnia',8),('Zachar Berkut',8),('Tini zabutykh predkiv',8),('Palimpsesty',8),('Berestechko',8),
('Marusia Churai',8),('Zemlia',8),('Sonyachna mashyna',8),('Moscoviada',8),('Hamlet',12),
('Romeo i Julia',12),('Makbet',12),('Don Kichot',9),('Faust',12),('Nedznicy',9),
('Dzwonnik z Notre Dame',9),('Oliver Twist',9),('Opowiesc o dwoch miastach',9),('Duma i uprzedzenie',9),('Przygody Tomka Sawyera',15),
('Stary czlowiek i morze',9),('Komu bije dzwon',9),('Rok 1984',9),('Folwark zwierzecy',9),('Proces',9),
('Przemiana',9),('Dzuma',9),('Obcy',9),('Sto lat samotnosci',9),('Hobbit',2),
('Wladca Pierscieni: Druzyna Pierscienia',2),('Wladca Pierscieni: Dwie wieze',2),('Wladca Pierscieni: Powrot krola',2),('Gra o tron',2),('Maly Ksiaze',15),
('Imie rozy',13),('Norwegian Wood',5),('Lsnienie',2),('Boska Komedia',4),('Domek dla lalek',12);

-- K_A
INSERT INTO K_A (id_ksiazka, id_autor) VALUES
(1,1),(2,2),(3,3),(4,4),(5,5),(6,1),(7,1),(8,1),(9,2),(10,2),(11,2),(12,2),(13,6),(14,6),(15,7),(16,7),
(17,8),(18,8),(19,9),(20,10),(21,11),(22,11),(23,12),(24,13),(25,13),(26,14),(27,15),(28,15),(29,16),(30,16),
(31,17),(32,18),(33,18),(34,18),(35,19),(36,20),(37,21),(38,22),(39,23),(40,24),(41,25),(42,4),(43,4),
(44,3),(45,3),(46,3),(47,5),(48,5),(49,5),(50,5),(51,5),(52,5),(53,5),
(54,26),(55,26),(56,26),(56,27),(57,26),(57,27),(58,26),
(59,28),(60,28),(61,28),(62,28),(63,29),(64,29),(65,30),(66,31),(67,31),(68,32),(69,33),
(70,34),(71,35),(72,36),(73,37),(74,38),(75,39),(76,39),(77,40),(78,41),(79,43),
(80,44),(81,44),(82,44),(83,45),(84,46),(85,47),(86,47),(87,48),(88,48),(89,49),(90,50),
(91,51),(92,51),(93,52),(94,52),(95,53),(96,53),(97,54),(98,54),(99,55),
(100,56),(101,56),(102,56),(103,56),(104,57),(105,58),(106,59),(107,60),(108,61),(109,62),(110,63);

-- STATUS
INSERT INTO Status (nazwa_statusu) VALUES ('zarezerwowane'),('wypozyczone'),('zwrocone'),('przetrzymane'),('anulowane');

-- EGZEMPLARZE
INSERT INTO Egzemplarze (numer_inwentarzowy, id_ksiazka, id_wydawnictwo) VALUES
('INW-001',1,4),('INW-002',1,4),('INW-003',1,1),('INW-004',2,2),('INW-005',2,2),('INW-006',2,5),
('INW-007',3,3),('INW-008',3,8),('INW-009',3,3),('INW-010',4,7),('INW-011',4,7),
('INW-012',5,3),('INW-013',5,3),('INW-014',5,3),('INW-015',6,4),('INW-016',6,4),
('INW-017',7,4),('INW-018',7,1),('INW-019',8,4),('INW-020',8,1),('INW-021',9,2),('INW-022',9,2),
('INW-023',10,2),('INW-024',10,2),('INW-025',11,2),('INW-026',11,5),('INW-027',12,2),('INW-028',12,2),
('INW-029',13,4),('INW-030',13,4),('INW-031',14,4),('INW-032',14,4),('INW-033',15,4),('INW-034',15,4),
('INW-035',16,4),('INW-036',16,1),('INW-037',17,4),('INW-038',18,4),('INW-039',19,4),('INW-040',20,1),
('INW-041',21,4),('INW-042',22,4),('INW-043',23,4),('INW-044',24,6),('INW-045',25,6),('INW-046',26,4),
('INW-047',27,2),('INW-048',28,2),('INW-049',29,4),('INW-050',30,4),('INW-051',31,4),
('INW-052',32,2),('INW-053',33,2),('INW-054',34,2),('INW-055',35,2),('INW-056',36,4),('INW-057',37,9),
('INW-058',38,2),('INW-059',39,2),('INW-060',40,2),('INW-061',41,10),('INW-062',42,7),('INW-063',43,7),
('INW-064',44,8),('INW-065',45,8),('INW-066',46,8),
('INW-067',47,3),('INW-068',47,3),('INW-069',48,3),('INW-070',48,3),('INW-071',49,3),('INW-072',50,3),
('INW-073',51,3),('INW-074',52,3),('INW-075',53,3),
('INW-076',54,6),('INW-077',54,15),('INW-078',55,6),('INW-079',56,15),('INW-080',57,15),('INW-081',58,15),
('INW-082',59,9),('INW-083',59,14),('INW-084',60,9),('INW-085',60,14),('INW-086',61,9),('INW-087',62,9),
('INW-088',63,9),('INW-089',63,14),('INW-090',64,9),('INW-091',65,4),('INW-092',66,9),('INW-093',67,9),
('INW-094',68,9),('INW-095',69,9),('INW-096',69,14),
('INW-097',70,13),('INW-098',71,13),('INW-099',72,13),('INW-100',73,13),('INW-101',74,13),('INW-102',75,13),
('INW-103',76,13),('INW-104',77,13),('INW-105',78,13),('INW-106',79,13),
('INW-107',80,11),('INW-108',80,4),('INW-109',81,11),('INW-110',82,11),('INW-111',83,11),('INW-112',84,15),
('INW-113',85,9),('INW-114',86,9),('INW-115',87,11),('INW-116',88,11),('INW-117',89,11),('INW-118',90,9),
('INW-119',91,11),('INW-120',92,11),('INW-121',93,11),('INW-122',93,9),('INW-123',94,11),('INW-124',95,15),
('INW-125',96,15),('INW-126',97,11),('INW-127',98,11),('INW-128',99,9),
('INW-129',100,9),('INW-130',100,11),('INW-131',101,9),('INW-132',102,9),('INW-133',103,9),('INW-134',104,9),
('INW-135',105,4),('INW-136',106,4),('INW-137',107,4),('INW-138',108,9),('INW-139',109,4),('INW-140',110,12);

-- WYPOZYCZENIA (55)
INSERT INTO Wypozyczenia (id_czytelnik, data_wypozyczenia, data_zwrotu) VALUES
(1,'2025-03-01','2025-03-15'),(2,'2025-03-05','2025-03-20'),(3,'2025-04-10',NULL),(4,'2025-04-12','2025-04-25'),(5,'2025-05-01',NULL),
(6,'2025-03-02','2025-03-16'),(7,'2025-03-03','2025-03-18'),(8,'2025-03-04',NULL),(9,'2025-03-06','2025-03-22'),(10,'2025-03-08','2025-03-25'),
(11,'2025-03-10',NULL),(12,'2025-03-12','2025-03-30'),(13,'2025-03-15','2025-04-01'),(14,'2025-03-18',NULL),(15,'2025-03-20','2025-04-05'),
(16,'2025-03-22','2025-04-08'),(17,'2025-03-25',NULL),(18,'2025-03-28','2025-04-12'),(19,'2025-04-01','2025-04-15'),(20,'2025-04-03',NULL),
(21,'2025-04-05','2025-04-20'),(22,'2025-04-07','2025-04-22'),(23,'2025-04-10',NULL),(24,'2025-04-12','2025-04-26'),(25,'2025-04-15','2025-04-30'),
(26,'2025-04-17',NULL),(27,'2025-04-20','2025-05-05'),(28,'2025-04-22','2025-05-07'),(29,'2025-04-25',NULL),(30,'2025-04-28','2025-05-10'),
(31,'2025-05-01','2025-05-15'),(32,'2025-05-02',NULL),(33,'2025-05-03','2025-05-17'),(34,'2025-05-04',NULL),(35,'2025-05-05','2025-05-18'),
(36,'2025-05-06',NULL),(37,'2025-05-07','2025-05-19'),(38,'2025-05-08',NULL),(39,'2025-05-09','2025-05-20'),(40,'2025-05-10',NULL),
(50,'2025-04-15','2025-04-29'),(60,'2025-04-20',NULL),(70,'2025-04-25','2025-05-09'),(80,'2025-04-28',NULL),(90,'2025-05-01','2025-05-14'),
(100,'2025-05-03',NULL),(110,'2025-05-05','2025-05-18'),(120,'2025-05-07',NULL),
(45,'2025-03-15','2025-04-02'),(55,'2025-03-20',NULL),(65,'2025-04-01','2025-04-16'),(75,'2025-04-05','2025-04-19'),(85,'2025-04-10',NULL),
(95,'2025-04-15','2025-04-28'),(105,'2025-04-20',NULL);

-- KARY (20)
INSERT INTO Kary (id_wypozyczenie, kwota, czy_oplacona) VALUES
(1,5.00,TRUE),(2,10.50,FALSE),(3,25.00,FALSE),(4,3.00,TRUE),(5,15.00,FALSE),
(8,12.00,FALSE),(11,8.50,TRUE),(14,30.00,FALSE),(17,5.00,FALSE),(20,18.00,FALSE),
(23,22.50,FALSE),(26,7.50,TRUE),(29,40.00,FALSE),(32,11.00,FALSE),(34,6.00,TRUE),
(36,16.50,FALSE),(38,9.00,FALSE),(40,28.00,FALSE),(42,14.50,FALSE),(50,19.00,FALSE);

-- W_E
INSERT INTO W_E (id_wypozyczenie, id_egzemplarz) VALUES
(1,1),(2,4),(3,12),(4,15),(5,2),(6,7),(7,21),(8,29),(9,67),(10,76),
(11,97),(12,107),(13,113),(14,121),(15,129),(16,53),(17,37),(18,46),(19,33),(20,24),
(21,28),(22,58),(23,82),(24,90),(25,111),(26,49),(27,123),(28,131),(29,135),(30,140),
(31,72),(32,99),(33,118),(34,127),(35,68),(36,84),(37,61),(38,102),(39,114),(40,128),
(41,11),(42,20),(43,30),(44,42),(45,44),(46,55),(47,57),(48,64),(49,71),(50,78),
(51,89),(52,100),(53,106),(54,116),(55,122);

-- W_S
INSERT INTO W_S (id_wypozyczenie, id_status, data_zmiany) VALUES
(1,2,'2025-03-01 10:00:00'),(1,3,'2025-03-15 12:00:00'),(2,2,'2025-03-05 11:00:00'),(2,3,'2025-03-20 12:30:00'),
(3,2,'2025-04-10 09:30:00'),(4,2,'2025-04-12 14:00:00'),(4,3,'2025-04-25 10:00:00'),(5,2,'2025-05-01 14:00:00'),
(6,2,'2025-03-02 10:00:00'),(6,3,'2025-03-16 11:00:00'),(7,2,'2025-03-03 12:00:00'),(7,3,'2025-03-18 13:00:00'),
(8,2,'2025-03-04 10:00:00'),(9,2,'2025-03-06 09:00:00'),(9,3,'2025-03-22 11:00:00'),(10,2,'2025-03-08 14:30:00'),
(10,3,'2025-03-25 09:00:00'),(11,2,'2025-03-10 11:00:00'),(15,2,'2025-03-20 10:00:00'),(15,3,'2025-04-05 11:30:00'),
(20,2,'2025-04-03 10:00:00'),(23,2,'2025-04-10 10:00:00'),(29,2,'2025-04-25 10:00:00'),(34,2,'2025-05-04 10:00:00'),
(40,2,'2025-05-10 10:00:00'),(45,2,'2025-05-01 10:00:00'),(45,3,'2025-05-14 11:00:00'),(50,2,'2025-03-20 10:00:00'),
(55,2,'2025-04-20 10:00:00');
